x	y
1.37543790445865	57.9282852472162
1.43327274759858	53.9604096453796
1.47437661098371	55.8113222420257
1.46363110315931	53.9277445162248
1.38837010231334	52.4745463449607
1.33572310072836	71.2600934005615
1.35426548016359	62.0844099063044
1.41113308698307	63.1746971827124
1.51237252861966	65.3978332029615
1.32634022052248	53.2082417410249
1.33725225771862	64.1046773092067
1.36598095183276	61.8802787016936
1.28916223962876	48.266524936392
1.4077074022927	56.6708757574891
1.31722672382416	71.1286568740528
1.38865678937088	66.1256911059617
1.46870988679878	69.655260717754
1.37429612526926	75.3645099438157
1.38960775395599	67.7497276958579
1.37536549432762	76.4537292782143
