x	y	clickSelects
0.0869437645353202	1.68537684229946	19
0.0864743749794803	1.68598128290235	38
0.0869437645353202	1.68537684229946	60
0.0864743749794803	1.68598128290235	81
0.0869437645353202	1.68537684229946	86
0.0869437645353202	1.68537684229946	67
0.0864743749794803	1.68598128290235	60
0.0869437645353202	1.68537684229946	51
0.0864743749794803	1.68598128290235	6
0.0878816600942303	1.68362184973491	17
0.0869437645353202	1.68537684229946	33
0.0869437645353202	1.68537684229946	17
0.0874128593369798	1.68459896713979	17
0.0874128593369798	1.68459896713979	4
